title,url,address,title_kakao,nearby_attraction_1,nearby_attraction_2
애월스쿠버다이빙스쿨,www.tamnao.com/web/sp/detailPrdt.do?prdtNum=SP00001668&prdtDiv=COUP,제주시 애월읍 애월로13길 45,,,
빅볼랜드,www.tamnao.com/web/sp/detailPrdt.do?prdtNum=SP00000825&prdtDiv=COUP,제주시 애월읍 어음리 산3번지,제주빅볼랜드,,
폴개협동조합 블루베리체험,www.tamnao.com/web/sp/detailPrdt.do?prdtNum=SP00001498&prdtDiv=COUP,서귀포시 남원읍 남원리 483 강명실 교육농장,,,
제주항공우주박물관 특별권,www.tamnao.com/web/sp/detailPrdt.do?prdtNum=SP00001669&prdtDiv=COUP,서귀포시 안덕면 녹차분재로 218,제주항공우주박물관,,
바다랜드 프리 pass [국제리더스클럽],www.tamnao.com/web/sp/detailPrdt.do?prdtNum=SP00000412&prdtDiv=COUP,제주시 조천읍 조함해안로 321-21,,,
올림픽 양궁체험 - 금메달을 쏴라~! 20% 할인,www.tamnao.com/web/sp/detailPrdt.do?prdtNum=SP00001665&prdtDiv=COUP,제주시 1100로 2894-63 도깨비장군활터,,,
점보빌리지 코끼리 테마쇼,www.tamnao.com/web/sp/detailPrdt.do?prdtNum=SP00000524&prdtDiv=COUP,서귀포시 안덕면 평화로319번길 31-11,,,
제이엠 그랑블루요트-선셋투어(18시 출항),www.tamnao.com/web/sp/detailPrdt.do?prdtNum=SP00000555&prdtDiv=COUP,서귀포시 대포로 172-7,,,
제이엠 그랑블루요트-럭셔리투어,www.tamnao.com/web/sp/detailPrdt.do?prdtNum=SP00000556&prdtDiv=COUP,서귀포시 대포로 172-7,,,
패들요가(국제리더스클럽),www.tamnao.com/web/sp/detailPrdt.do?prdtNum=SP00001428&prdtDiv=COUP,제주시 조천읍 신흥리 1-11,함덕,,
서귀포 제주캔들 만들기 체험,www.tamnao.com/web/sp/detailPrdt.do?prdtNum=SP00000872&prdtDiv=COUP,서귀포시 하효동 951-1 1층 아로마제주,제주러브랜드,제주도립미술관,신비의도로
도깨비장군 활터[전통활쏘기 체험] 20% 할인쿠폰,www.tamnao.com/web/sp/detailPrdt.do?prdtNum=SP00000365&prdtDiv=FREE,제주시 1100로 2894-63,,,
펭귄 반잠수함(국제리더스클럽),www.tamnao.com/web/sp/detailPrdt.do?prdtNum=SP00000411&prdtDiv=COUP,제주시 조천읍 신흥리 1-11,,,
패들보드(국제리더스클럽),www.tamnao.com/web/sp/detailPrdt.do?prdtNum=SP00000413&prdtDiv=COUP,제주시 조천읍 신흥리 1-11,,,
럭셔리파워요트(국제리더스클럽),www.tamnao.com/web/sp/detailPrdt.do?prdtNum=SP00000416&prdtDiv=COUP,제주시 조천읍 신흥리 1-11,,,
씨워커(국제리더스클럽),www.tamnao.com/web/sp/detailPrdt.do?prdtNum=SP00000417&prdtDiv=COUP,제주시 조천읍 신흥리 1-11,,,
투명카약(국제리더스클럽),www.tamnao.com/web/sp/detailPrdt.do?prdtNum=SP00001097&prdtDiv=COUP,제주시 조천읍 신흥리 1-11,,,
스노쿨링(국제리더스클럽),www.tamnao.com/web/sp/detailPrdt.do?prdtNum=SP00001103&prdtDiv=COUP,제주시 조천읍 신흥리 1-11,,,
제주전통 테우 낚시체험,www.tamnao.com/web/sp/detailPrdt.do?prdtNum=SP00001298&prdtDiv=COUP,제주시 한림읍 한림해안로 200,,,
브릭캠퍼스 입장권,www.tamnao.com/web/sp/detailPrdt.do?prdtNum=SP00001391&prdtDiv=COUP,제주시 1101로 3047,브랙캠퍼스,신비의도로카트체험장,
(예약필수) 월령포구의 하루,www.tamnao.com/web/sp/detailPrdt.do?prdtNum=SP00001424&prdtDiv=COUP,제주시 한림읍 월령3길 36,,,
RPB레포츠 제주도 패러글라이딩체험,www.tamnao.com/web/sp/detailPrdt.do?prdtNum=SP00001518&prdtDiv=COUP,제주시 동문로20길 11 302호,,금오름,
[감귤체험]하효감귤체험,www.tamnao.com/web/sp/detailPrdt.do?prdtNum=SP00000850&prdtDiv=COUP,서귀포시 하효동,,쇠소깍,올레길 6코스
세리월드-세리카트,www.tamnao.com/web/sp/detailPrdt.do?prdtNum=SP00000651&prdtDiv=COUP,서귀포시 법환상로2번길 97-13,세리월드,미로공원,
세리월드-동화속으로 미로공원,www.tamnao.com/web/sp/detailPrdt.do?prdtNum=SP00000665&prdtDiv=COUP,서귀포시 법환상로2번길 97-13,세리월드,미로공원,
제주센트럴파크+세그웨이고카트,www.tamnao.com/web/sp/detailPrdt.do?prdtNum=SP00001657&prdtDiv=COUP,제주시 조천읍 비자림로 606,제주센트럴파크,산굼부리,민오름
제주센트럴파크,www.tamnao.com/web/sp/detailPrdt.do?prdtNum=SP00000724&prdtDiv=COUP,제주시 조천읍 비자림로 606,제주센트럴파크,산굼부리,민오름
피규어뮤지엄제주,www.tamnao.com/web/sp/detailPrdt.do?prdtNum=SP00001647&prdtDiv=COUP,서귀포시 안덕면 한창로 243,피규어뮤지엄제주,카멜리아힐,제주유리박물관
제주불빛정원&인생사진관(야간),www.tamnao.com/web/sp/detailPrdt.do?prdtNum=SP00001645&prdtDiv=COUP,제주시 애월읍 평화로 2346,제주불빛정원,렛츠런파크제주,극락오름
(예약필수) 제주 야생 돌고래 탐사,www.tamnao.com/web/sp/detailPrdt.do?prdtNum=SP00000562&prdtDiv=COUP,서귀포시 동일리 포구,,대정오일시장,모슬봉
윈드1947 카트 테마파크,www.tamnao.com/web/sp/detailPrdt.do?prdtNum=SP00001374&prdtDiv=COUP,서귀포시 토평공단로 78-27,윈드1947 카트 테마파크,돈내코유원지,
얼라이브카트 탑승권,www.tamnao.com/web/sp/detailPrdt.do?prdtNum=SP00001641&prdtDiv=COUP,서귀포시 중문관광로 42,얼라이브카트,박물관은 살아있다,여미지식물원
(주)제주조각공원-입장권,www.tamnao.com/web/sp/detailPrdt.do?prdtNum=SP00001429&prdtDiv=COUP,서귀포시 안덕면 일주서로 1836,제주조각공원,산방산,
[제주씨월드] 우도해저투어! 우도잠수함 승선권,www.tamnao.com/web/sp/detailPrdt.do?prdtNum=SP00000090&prdtDiv=COUP,서귀포시 성산읍 성산등용로 130-21,성산일출봉,,
짜릿한 경험 월드제트,www.tamnao.com/web/sp/detailPrdt.do?prdtNum=SP00000240&prdtDiv=COUP,서귀포시 성산읍 성산등용로 130-2,성산일출봉,,
(예약필수) 성산포 유람선 승선권,www.tamnao.com/web/sp/detailPrdt.do?prdtNum=SP00001387&prdtDiv=COUP,서귀포시 성산읍 성산리 347-9,성산일출봉,,
사계절썰매_제주 레포츠랜드,www.tamnao.com/web/sp/detailPrdt.do?prdtNum=SP00001480&prdtDiv=COUP,제주시 조천읍 와흘상서2길 47,제주레포츠랜드,제주돌문화공원,에코랜드테마파크
카트1인승_제주 레포츠랜드,www.tamnao.com/web/sp/detailPrdt.do?prdtNum=SP00001483&prdtDiv=COUP,제주시 조천읍 와흘상서2길 47,제주레포츠랜드,제주돌문화공원,에코랜드테마파크
짚라인_제주 레포츠랜드,www.tamnao.com/web/sp/detailPrdt.do?prdtNum=SP00001484&prdtDiv=COUP,제주시 조천읍 와흘상서2길 47,제주레포츠랜드,제주돌문화공원,에코랜드테마파크
서바이벌_제주 레포츠랜드,www.tamnao.com/web/sp/detailPrdt.do?prdtNum=SP00001486&prdtDiv=COUP,제주시 조천읍 와흘상서2길 47,제주레포츠랜드,제주돌문화공원,에코랜드테마파크
카트+썰매_제주 레포츠랜드,www.tamnao.com/web/sp/detailPrdt.do?prdtNum=SP00001487&prdtDiv=COUP,제주시 조천읍 와흘상서2길 47,제주레포츠랜드,제주돌문화공원,에코랜드테마파크
카트+짚라인_제주 레포츠랜드,www.tamnao.com/web/sp/detailPrdt.do?prdtNum=SP00001488&prdtDiv=COUP,제주시 조천읍 와흘상서2길 47,제주레포츠랜드,제주돌문화공원,에코랜드테마파크
카트+서바이벌_제주 레포츠랜드,www.tamnao.com/web/sp/detailPrdt.do?prdtNum=SP00001489&prdtDiv=COUP,제주시 조천읍 와흘상서2길 47,제주레포츠랜드,제주돌문화공원,에코랜드테마파크
카트+썰매+짚라인_제주 레포츠랜드,www.tamnao.com/web/sp/detailPrdt.do?prdtNum=SP00001490&prdtDiv=COUP,제주시 조천읍 와흘상서2길 47,제주레포츠랜드,제주돌문화공원,에코랜드테마파크
카트+썰매+서바이벌_제주 레포츠랜드,www.tamnao.com/web/sp/detailPrdt.do?prdtNum=SP00001491&prdtDiv=COUP,제주시 조천읍 와흘상서2길 47,제주레포츠랜드,제주돌문화공원,에코랜드테마파크
카트+짚라인+서바이벌_제주 레포츠랜드,www.tamnao.com/web/sp/detailPrdt.do?prdtNum=SP00001492&prdtDiv=COUP,제주시 조천읍 와흘상서2길 47,제주레포츠랜드,제주돌문화공원,에코랜드테마파크
힐링카약파크 비체올린 입장권,www.tamnao.com/web/sp/detailPrdt.do?prdtNum=SP00000290&prdtDiv=COUP,제주시 한경면 판포리 725,힐링카약파크,판포오름,널개오름
제주민속촌,www.tamnao.com/web/sp/detailPrdt.do?prdtNum=SP00000727&prdtDiv=COUP,서귀포시 표선면 민속해안로 631-34,제주민속촌,표선해수욕장,올레길 3코스
그리스신화박물관,www.tamnao.com/web/sp/detailPrdt.do?prdtNum=SP00000465&prdtDiv=COUP,제주시 한림읍 광산로 942,그리스신화박물관,트릭아이뮤지엄,
그리스신화박물관+트릭아이뮤지엄 세트상품,www.tamnao.com/web/sp/detailPrdt.do?prdtNum=SP00000467&prdtDiv=COUP,제주시 한림읍 광산로 942,그리스신화박물관,트릭아이뮤지엄,
그리스신화박물관-놀라운트릭아이 미술관,www.tamnao.com/web/sp/detailPrdt.do?prdtNum=SP00001617&prdtDiv=COUP,제주시 한림읍 광산로 942,그리스신화박물관,놀라운트릭아이 미술관,
제주러브랜드,www.tamnao.com/web/sp/detailPrdt.do?prdtNum=SP00001569&prdtDiv=COUP,제주시 1100로 2894-72,제주러브랜드,신비의도로,
M1971요트투어 조조항차 돌고래투어,www.tamnao.com/web/sp/detailPrdt.do?prdtNum=SP00001608&prdtDiv=COUP,서귀포시 대정읍 최남단해안로 128,,하모해수욕장,
M1971요트투어 일반항차 돌고래투어,www.tamnao.com/web/sp/detailPrdt.do?prdtNum=SP00001607&prdtDiv=COUP,서귀포시 대정읍 최남단해안로 128,,하모해수욕장,
코바다이빙스쿨-스쿠버체험다이빙,www.tamnao.com/web/sp/detailPrdt.do?prdtNum=SP00001624&prdtDiv=COUP,제주시 도두1동 1742,,이호테우해변,
서귀포유람선-뉴파라다이스호,www.tamnao.com/web/sp/detailPrdt.do?prdtNum=SP00000721&prdtDiv=COUP,서귀포시 남성중로 40 서귀포항 유선부두,,정방폭포,천지연폭포
퍼시픽랜드-퍼블릭 낚시투어(90분),www.tamnao.com/web/sp/detailPrdt.do?prdtNum=SP00001616&prdtDiv=COUP,서귀포시 중문관광로 154-17 퍼시픽랜드,퍼시픽랜드,중문색달해변,
퍼시픽랜드-바다올레 보트투어,www.tamnao.com/web/sp/detailPrdt.do?prdtNum=SP00001621&prdtDiv=COUP,서귀포시 중문관광로 154-17 퍼시픽랜드,퍼시픽랜드,중문색달해변,
퍼시픽랜드-샹그릴라 조조요트투어,www.tamnao.com/web/sp/detailPrdt.do?prdtNum=SP00001623&prdtDiv=COUP,서귀포시 중문관광로 154-17 퍼시픽랜드,퍼시픽랜드,중문색달해변,
방림원_일반관람,www.tamnao.com/web/sp/detailPrdt.do?prdtNum=SP00000616&prdtDiv=COUP,제주시 한경면 용금로 864,방림원,,
코바다이빙스쿨-스쿠버라이센스 교육(2박3일),www.tamnao.com/web/sp/detailPrdt.do?prdtNum=SP00001627&prdtDiv=COUP,제주시 도두1동 1742,,도두봉,용담해안도로
코바다이빙스쿨-스노클링 장비대여,www.tamnao.com/web/sp/detailPrdt.do?prdtNum=SP00001626&prdtDiv=COUP,제주시 도두1동 1742,,도두봉,용담해안도로
(예약필수)방림원_웨딩체험,www.tamnao.com/web/sp/detailPrdt.do?prdtNum=SP00001505&prdtDiv=COUP,제주시 한경면 용금로 864,방림원,,
코바다이빙-수중사진(1인),www.tamnao.com/web/sp/detailPrdt.do?prdtNum=SP00001625&prdtDiv=COUP,제주시 도두1동 1742,,도두봉,용담해안도로
제주해양동물과학관,www.tamnao.com/web/sp/detailPrdt.do?prdtNum=SP00001595&prdtDiv=COUP,서귀포시 성산읍 서성일로 689-21,제주해양동물박물관,섭지코지,붉은오름
(예약필수)방림원_체험형 관람,www.tamnao.com/web/sp/detailPrdt.do?prdtNum=SP00001500&prdtDiv=COUP,제주시 한경면 용금로 864,방림원,,
서귀포잠수함,www.tamnao.com/web/sp/detailPrdt.do?prdtNum=SP00000637&prdtDiv=COUP,서귀포시 남성중로 40,,새섬공원,
드르쿰다 인 성산 입장권+회전목마 1회,www.tamnao.com/web/sp/detailPrdt.do?prdtNum=SP00001622&prdtDiv=COUP,서귀포시 성산읍 섭지코지로25번길 64,,성산일출봉,한화아쿠아플라넷제주
드르쿰다 인 성산,www.tamnao.com/web/sp/detailPrdt.do?prdtNum=SP00001620&prdtDiv=COUP,서귀포시 성산읍 섭지코지로25번길 64,,성산일출봉,한화아쿠아플라넷제주
[세트상품]우도잠수함+승마(단거리),www.tamnao.com/web/sp/detailPrdt.do?prdtNum=SP00001619&prdtDiv=COUP,서귀포시 성산읍 성산등용로 130-21,,성산일출봉,섭지코지
퍼시픽랜드-샹그릴라 요트투어,www.tamnao.com/web/sp/detailPrdt.do?prdtNum=SP00001618&prdtDiv=COUP,서귀포시 중문관광로 154-17 퍼시픽랜드,퍼시픽랜드,중문색달해변,
목장카페드르쿰다-승마(체험코스),www.tamnao.com/web/sp/detailPrdt.do?prdtNum=SP00001614&prdtDiv=COUP,서귀포시 표선면 성읍리 2873,,백약이오름,
목장카페드르쿰다-승마(오름코스),www.tamnao.com/web/sp/detailPrdt.do?prdtNum=SP00001612&prdtDiv=COUP,서귀포시 표선면 성읍리 2873,,백약이오름,
목장카페드르쿰다-승마(D코스),www.tamnao.com/web/sp/detailPrdt.do?prdtNum=SP00001613&prdtDiv=COUP,서귀포시 표선면 성읍리 2873,,백약이오름,
목장카페드르쿰다-승마(주몽코스),www.tamnao.com/web/sp/detailPrdt.do?prdtNum=SP00001611&prdtDiv=COUP,서귀포시 표선면 성읍리 2873,,백약이오름,
목장카페드르쿰다-승마(중거리코스),www.tamnao.com/web/sp/detailPrdt.do?prdtNum=SP00001610&prdtDiv=COUP,서귀포시 표선면 성읍리 2873,,백약이오름,
목장카페드르쿰다-카트(1인),www.tamnao.com/web/sp/detailPrdt.do?prdtNum=SP00001609&prdtDiv=COUP,서귀포시 표선면 성읍리 2873,,백약이오름,
한림공원,www.tamnao.com/web/sp/detailPrdt.do?prdtNum=SP00000459&prdtDiv=COUP,제주시 한림읍 한림해안로 300,한림공원,협재해수욕장,
제주요트투어,www.tamnao.com/web/sp/detailPrdt.do?prdtNum=SP00001605&prdtDiv=COUP,제주시 도두항길 26,제주요트투어,,
JSR제주실탄사격장-실탄사격,www.tamnao.com/web/sp/detailPrdt.do?prdtNum=SP00000699&prdtDiv=COUP,서귀포시 소보리당로164번길 60,제주실탄사격장,박물관은 살아있다,
JSR제주실탄사격장-비비탄,www.tamnao.com/web/sp/detailPrdt.do?prdtNum=SP00000698&prdtDiv=COUP,서귀포시 소보리당로164번길 60,제주실탄사격장,박물관은 살아있다,
JSR제주실탄사격장-시뮬레이션,www.tamnao.com/web/sp/detailPrdt.do?prdtNum=SP00000697&prdtDiv=COUP,서귀포시 소보리당로164번길 60,제주실탄사격장,박물관은 살아있다,
여미지식물원,www.tamnao.com/web/sp/detailPrdt.do?prdtNum=SP00000478&prdtDiv=COUP,서귀포시 중문관광로 93,여미지식물원,테디베어뮤지엄,천제연폭포
삼성혈,www.tamnao.com/web/sp/detailPrdt.do?prdtNum=SP00000464&prdtDiv=COUP,제주시 삼성로 22,삼성혈,제주도민속자연사박물관,
조은승마장-기본코스(5분내외),www.tamnao.com/web/sp/detailPrdt.do?prdtNum=SP00000522&prdtDiv=COUP,서귀포시 안덕면 동광로 265-14,조은승마장,토이파크,
조은승마장-더블코스(10분이내),www.tamnao.com/web/sp/detailPrdt.do?prdtNum=SP00000521&prdtDiv=COUP,서귀포시 안덕면 동광로 265-14,조은승마장,토이파크,
조은승마장-산책코스(15분내외),www.tamnao.com/web/sp/detailPrdt.do?prdtNum=SP00000520&prdtDiv=COUP,서귀포시 안덕면 동광로 265-14,조은승마장,토이파크,
에코랜드,www.tamnao.com/web/sp/detailPrdt.do?prdtNum=SP00000493&prdtDiv=COUP,제주시 조천읍 번영로 1278-169,에코랜드테마파크,제주센트럴파크,렛츠런팜제주
퍼시픽랜드-비바제트,www.tamnao.com/web/sp/detailPrdt.do?prdtNum=SP00001601&prdtDiv=COUP,서귀포시 중문관광로 154-17 퍼시픽랜드,퍼시픽랜드,중문색달해변,
퍼시픽랜드-마린스테이지,www.tamnao.com/web/sp/detailPrdt.do?prdtNum=SP00001604&prdtDiv=COUP,서귀포시 중문관광로 154-17 퍼시픽랜드,퍼시픽랜드,중문색달해변,
(예약필수)이음새-감물염색,www.tamnao.com/web/sp/detailPrdt.do?prdtNum=SP00000496&prdtDiv=COUP,서귀포시 남원읍 위미항구로121번길 120,,,
(예약필수)이음새-쪽염색,www.tamnao.com/web/sp/detailPrdt.do?prdtNum=SP00000497&prdtDiv=COUP,서귀포시 남원읍 위미항구로121번길 120,,,
(주)이레-쇼월드,www.tamnao.com/web/sp/detailPrdt.do?prdtNum=SP00001514&prdtDiv=COUP,서귀포시 표선면 번영로 2564-21,,,
(주)이레-낙타트레킹,www.tamnao.com/web/sp/detailPrdt.do?prdtNum=SP00000829&prdtDiv=COUP,서귀포시 표선면 번영로 2564-21,,,
아로마스킨케어-G코스(120분),www.tamnao.com/web/sp/detailPrdt.do?prdtNum=SP00001600&prdtDiv=COUP,제주시 신대로14길 38,,,
아로마스킨케어-F코스(90분),www.tamnao.com/web/sp/detailPrdt.do?prdtNum=SP00001599&prdtDiv=COUP,제주시 신대로14길 38,,,
아로마스킨케어-E코스(50분),www.tamnao.com/web/sp/detailPrdt.do?prdtNum=SP00001598&prdtDiv=COUP,제주시 신대로14길 38,,,
아로마스킨케어-D코스(70분),www.tamnao.com/web/sp/detailPrdt.do?prdtNum=SP00001597&prdtDiv=COUP,제주시 신대로14길 38,,,
아로마스킨케어-C코스(90분),www.tamnao.com/web/sp/detailPrdt.do?prdtNum=SP00001596&prdtDiv=COUP,제주시 신대로14길 38,,,
아로마스킨케어-B코스(90분),www.tamnao.com/web/sp/detailPrdt.do?prdtNum=SP00001594&prdtDiv=COUP,제주시 신대로14길 38,,,
아로마스킨케어-A코스(120분),www.tamnao.com/web/sp/detailPrdt.do?prdtNum=SP00001593&prdtDiv=COUP,제주시 신대로14길 38,,,
정다운스킨케어-A코스(50분),www.tamnao.com/web/sp/detailPrdt.do?prdtNum=SP00001581&prdtDiv=COUP,제주시 삼무로49 2층,,,
정다운스킨케어-B코스(70분),www.tamnao.com/web/sp/detailPrdt.do?prdtNum=SP00001580&prdtDiv=COUP,제주시 삼무로49 2층,,,
정다운스킨케어-C코스(90분),www.tamnao.com/web/sp/detailPrdt.do?prdtNum=SP00001579&prdtDiv=COUP,제주시 삼무로49 2층,,,
정다운스킨케어-D-4코스(120분),www.tamnao.com/web/sp/detailPrdt.do?prdtNum=SP00001578&prdtDiv=COUP,제주시 삼무로49 2층,,,
정다운스킨케어-얼굴코스(80분),www.tamnao.com/web/sp/detailPrdt.do?prdtNum=SP00001577&prdtDiv=COUP,제주시 삼무로49 2층,,,
정다운스킨케어-임산부코스(90분),www.tamnao.com/web/sp/detailPrdt.do?prdtNum=SP00001576&prdtDiv=COUP,제주시 삼무로49 2층,,,
"(예약필수)스쿠버라이프-O,W,D교육(2~3일)",www.tamnao.com/web/sp/detailPrdt.do?prdtNum=SP00000552&prdtDiv=COUP,서귀포시 동홍동 1137-5,,이중섭거리,
(예약필수)스쿠버라이프-스쿠버다이빙,www.tamnao.com/web/sp/detailPrdt.do?prdtNum=SP00000551&prdtDiv=COUP,서귀포시 동홍동 1137-5,,이중섭거리,
(예약필수)스쿠버라이프-펀다이빙(자격증소지자),www.tamnao.com/web/sp/detailPrdt.do?prdtNum=SP00000553&prdtDiv=COUP,서귀포시 동홍동 1137-5,,이중섭거리,
백년초박물관,www.tamnao.com/web/sp/detailPrdt.do?prdtNum=SP00000476&prdtDiv=COUP,서귀포시 호근동139,백년초박물관,천지연폭포,
SOS박물관 피오디코리아,www.tamnao.com/web/sp/detailPrdt.do?prdtNum=SP00000463&prdtDiv=COUP,서귀포시 월드컵로31,SOS박물관,세리월드,
에스케이핀크스(주)-골프탕탕+온천,www.tamnao.com/web/sp/detailPrdt.do?prdtNum=SP00000684&prdtDiv=COUP,서귀포시 안덕면 산록남로762번길 71,,녹차미로공원,본태박물관
에스케이핀크스(주)-골프탕탕 미니그라운드 골프장,www.tamnao.com/web/sp/detailPrdt.do?prdtNum=SP00000492&prdtDiv=COUP,서귀포시 안덕면 산록남로762번길 71,,녹차미로공원,본태박물관
에스케이핀크스(주)-아라고나이트 심층 고온천 & 수영장,www.tamnao.com/web/sp/detailPrdt.do?prdtNum=SP00000491&prdtDiv=COUP,서귀포시 안덕면 산록남로762번길 71,,녹차미로공원,본태박물관
제주워터서커스,www.tamnao.com/web/sp/detailPrdt.do?prdtNum=SP00000513&prdtDiv=COUP,제주시 구좌읍 번영로 2172-80 제 1호,,성불오름,
다이나믹메이즈에피소드3,www.tamnao.com/web/sp/detailPrdt.do?prdtNum=SP00000471&prdtDiv=COUP,서귀포시 표선면 번영로 2644,다이나믹메이즈,성읍랜드,
(예약필수)제주카약-바다카약(1인기준),www.tamnao.com/web/sp/detailPrdt.do?prdtNum=SP00000514&prdtDiv=COUP,제주시 구좌읍 하도리 43-1,,하도해변,
(예약필수)제주카약-피싱카약(1인기준),www.tamnao.com/web/sp/detailPrdt.do?prdtNum=SP00000517&prdtDiv=COUP,제주시 구좌읍 하도리 43-1,,하도해변,
(예약필수)제주카약-페달보트(3인 1대),www.tamnao.com/web/sp/detailPrdt.do?prdtNum=SP00000515&prdtDiv=COUP,제주시 구좌읍 하도리 43-1,,하도해변,
(예약필수)제주카약-스노클링(1인기준),www.tamnao.com/web/sp/detailPrdt.do?prdtNum=SP00000516&prdtDiv=COUP,제주시 구좌읍 하도리 43-1,,하도해변,
용연카누클럽-카누체험 (2인),www.tamnao.com/web/sp/detailPrdt.do?prdtNum=SP00001585&prdtDiv=COUP,제주시 용화로20,용연구름다리,용두암,
초콜릿뮤지엄,www.tamnao.com/web/sp/detailPrdt.do?prdtNum=SP00001584&prdtDiv=COUP,서귀포시 대정읍 일주서로 3000번길144,초콜릿박물관,가시오름,
(예약필수)다올에스테틱-발관리,www.tamnao.com/web/sp/detailPrdt.do?prdtNum=SP00000565&prdtDiv=COUP,제주시 노연로 37-1,,누웨마루거리,
(예약필수)다올에스테틱-아로마A코스,www.tamnao.com/web/sp/detailPrdt.do?prdtNum=SP00000568&prdtDiv=COUP,제주시 노연로 37-1,,누웨마루거리,
(예약필수)다올에스테틱-아로마B코스,www.tamnao.com/web/sp/detailPrdt.do?prdtNum=SP00000569&prdtDiv=COUP,제주시 노연로 37-1,,누웨마루거리,
(예약필수)다올에스테틱-전신A코스,www.tamnao.com/web/sp/detailPrdt.do?prdtNum=SP00000470&prdtDiv=COUP,제주시 노연로 37-1,,누웨마루거리,
(예약필수)다올에스테틱-전신B코스,www.tamnao.com/web/sp/detailPrdt.do?prdtNum=SP00000567&prdtDiv=COUP,제주시 노연로 37-1,,누웨마루거리,
(예약필수)다올에스테틱-전신C코스,www.tamnao.com/web/sp/detailPrdt.do?prdtNum=SP00000566&prdtDiv=COUP,제주시 노연로 37-1,,누웨마루거리,
카페제주이야기-나만의청정제주만들기 A형,www.tamnao.com/web/sp/detailPrdt.do?prdtNum=SP00000531&prdtDiv=COUP,제주시 구좌읍 행원로13길 66,,,
카페제주이야기-나만의청정제주만들기 B형,www.tamnao.com/web/sp/detailPrdt.do?prdtNum=SP00000532&prdtDiv=COUP,제주시 구좌읍 행원로13길 66,,,
헬로키티아일랜드,www.tamnao.com/web/sp/detailPrdt.do?prdtNum=SP00000539&prdtDiv=COUP,서귀포시 안덕면 한창로340,헬로키티아일랜드,피규어뮤지엄,
본태박물관,www.tamnao.com/web/sp/detailPrdt.do?prdtNum=SP00000477&prdtDiv=COUP,서귀포시 안덕면 산록남로762번길 69,본태박물관,녹차미로공원,
상효원,www.tamnao.com/web/sp/detailPrdt.do?prdtNum=SP00000526&prdtDiv=COUP,서귀포시 산록남로 2847-37,상효원수목원,,
월드제트,www.tamnao.com/web/sp/detailPrdt.do?prdtNum=SP00001566&prdtDiv=COUP,서귀포시 성산읍 성산등용로 112-7,우도월드제트,성산일출봉,
제주유리박물관,www.tamnao.com/web/sp/detailPrdt.do?prdtNum=SP00001568&prdtDiv=COUP,서귀포시 중산간서로 1403,제주유리박물관,,
차귀도달래배낚시-야간낚시,www.tamnao.com/web/sp/detailPrdt.do?prdtNum=SP00001570&prdtDiv=COUP,제주시 한경면 고산리 3616-14,,,
차귀횟집(차귀도배낚시),www.tamnao.com/web/sp/detailPrdt.do?prdtNum=SP00001572&prdtDiv=COUP,제주시 한경면 고산리 3616-14,,,
정다운스킨케어-D-3코스(90분),www.tamnao.com/web/sp/detailPrdt.do?prdtNum=SP00001582&prdtDiv=COUP,제주시 삼무로49 2층,,,
왕복짚라인제주,www.tamnao.com/web/sp/detailPrdt.do?prdtNum=SP00001575&prdtDiv=COUP,제주시 해안마을북길 14-5,,한라수목원,
씨워커코리아,www.tamnao.com/web/sp/detailPrdt.do?prdtNum=SP00001574&prdtDiv=COUP,제주시 서해안로 297-2,,,
토이스토리토이파크,www.tamnao.com/web/sp/detailPrdt.do?prdtNum=SP00001573&prdtDiv=COUP,서귀포시 안덕면 동광로 267-7,토이파크,조은승마장,
제주김녕미로공원,www.tamnao.com/web/sp/detailPrdt.do?prdtNum=SP00001565&prdtDiv=COUP,제주시 구좌읍 만장굴길122,미로공원,만장굴,
차귀도달래배낚시-주간낚시,www.tamnao.com/web/sp/detailPrdt.do?prdtNum=SP00001571&prdtDiv=COUP,제주시 한경면 고산리 3616-14,,,
메이즈랜드,www.tamnao.com/web/sp/detailPrdt.do?prdtNum=SP00000719&prdtDiv=COUP,제주시 구좌읍 비자림로 2134-47,메이즈랜드,비자림,
제주테디베어뮤지엄,www.tamnao.com/web/sp/detailPrdt.do?prdtNum=SP00000537&prdtDiv=COUP,서귀포시 중문관광로110번길 31,제주테디베어뮤지엄,여미지식물원,믿거나말거나박물관
세계술박물관,www.tamnao.com/web/sp/detailPrdt.do?prdtNum=SP00000484&prdtDiv=COUP,서귀포시 표선면 한마음초등로431,세계술박물관,제주허브동산,
탐라승마장-탐라코스,www.tamnao.com/web/sp/detailPrdt.do?prdtNum=SP00000536&prdtDiv=COUP,제주시 조천읍 비자림로 1044,탐라승마장,산굼부리,민오름
탐라승마장-숲터널 코스(약1km),www.tamnao.com/web/sp/detailPrdt.do?prdtNum=SP00000535&prdtDiv=COUP,제주시 조천읍 비자림로 1044,탐라승마장,산굼부리,민오름
어승생승마장-체험승마A코스,www.tamnao.com/web/sp/detailPrdt.do?prdtNum=SP00000548&prdtDiv=COUP,제주시 1100로 2659,어승생승마장,,
탐라승마장-숲터널 초원 코스(약2km),www.tamnao.com/web/sp/detailPrdt.do?prdtNum=SP00000534&prdtDiv=COUP,제주시 조천읍 비자림로 1044,탐라승마장,산굼부리,민오름
어승생승마장-체험승마B코스,www.tamnao.com/web/sp/detailPrdt.do?prdtNum=SP00000549&prdtDiv=COUP,제주시 1100로 2659,어승생승마장,,
송당승마장-단거리,www.tamnao.com/web/sp/detailPrdt.do?prdtNum=SP00000486&prdtDiv=COUP,제주시 구좌읍 번영로 2015,송당승마장,성불오름,
제주레일파크㈜ - 레일바이크(2인승),www.tamnao.com/web/sp/detailPrdt.do?prdtNum=SP00000506&prdtDiv=COUP,제주시 구좌읍 용눈이오름로 641,제주레일파크,용눈이오름,
송당승마장-중거리,www.tamnao.com/web/sp/detailPrdt.do?prdtNum=SP00000485&prdtDiv=COUP,제주시 구좌읍 번영로 2015,송당승마장,,
제주레일파크㈜ - 레일바이크(3인승),www.tamnao.com/web/sp/detailPrdt.do?prdtNum=SP00000507&prdtDiv=COUP,제주시 구좌읍 용눈이오름로 641,제주레일파크,용눈이오름,
제주레일파크㈜ - 레일바이크(4인승),www.tamnao.com/web/sp/detailPrdt.do?prdtNum=SP00000508&prdtDiv=COUP,제주시 구좌읍 용눈이오름로 641,제주레일파크,용눈이오름,
이어도승마장-체험코스,www.tamnao.com/web/sp/detailPrdt.do?prdtNum=SP00000547&prdtDiv=COUP,서귀포시 성산읍 서성일로 269,이어도승마장,제주해양동물박물관,
이어도승마장-B코스,www.tamnao.com/web/sp/detailPrdt.do?prdtNum=SP00000545&prdtDiv=COUP,서귀포시 성산읍 서성일로 269,이어도승마장,제주해양동물박물관,
이어도승마장-A코스,www.tamnao.com/web/sp/detailPrdt.do?prdtNum=SP00000544&prdtDiv=COUP,서귀포시 성산읍 서성일로 269,이어도승마장,제주해양동물박물관,
박물관은살아있다,www.tamnao.com/web/sp/detailPrdt.do?prdtNum=SP00000475&prdtDiv=COUP,서귀포시 중문관광로 42,천제연폭포,여미지식물원,
(예약필수)노리매,www.tamnao.com/web/sp/detailPrdt.do?prdtNum=SP00000469&prdtDiv=COUP,서귀포시 대정읍 중산간서로 2260-15,노리매,제주곶자왈도립공원,오설록티뮤지엄
휴애리,www.tamnao.com/web/sp/detailPrdt.do?prdtNum=SP00000540&prdtDiv=COUP,서귀포시 남원읍 신례동로 256,휴애리,상효원수목원,
"허브동산(주,야간통합)",www.tamnao.com/web/sp/detailPrdt.do?prdtNum=SP00000683&prdtDiv=COUP,서귀포시 표선면 돈오름로 170,제주허브동산,,
테지움사파리,www.tamnao.com/web/sp/detailPrdt.do?prdtNum=SP00000538&prdtDiv=COUP,제주시 애월읍 평화로 2159,테디베어사파리,,
카멜리아힐,www.tamnao.com/web/sp/detailPrdt.do?prdtNum=SP00000726&prdtDiv=COUP,서귀포시 안덕면 병악로 166,카멜리아힐,제주유리박물관,
중문카트,www.tamnao.com/web/sp/detailPrdt.do?prdtNum=SP00000529&prdtDiv=COUP,서귀포시 일주서로 1114,중문카트체험장,,
건강과 성 박물관,www.tamnao.com/web/sp/detailPrdt.do?prdtNum=SP00000718&prdtDiv=COUP,서귀포시 안덕면 일주서로 1611,건강과성박물관,카멜리아힐,
무병장수테마파크-국궁(신시국궁장),www.tamnao.com/web/sp/detailPrdt.do?prdtNum=SP00000523&prdtDiv=COUP,제주시 애월읍 어음리 49,무병장수테마파크,,
일출랜드,www.tamnao.com/web/sp/detailPrdt.do?prdtNum=SP00000649&prdtDiv=COUP,서귀포시 성산읍 중산간동로 4150-30,일출랜드,블루마운틴커피박물관,
세계조가비박물관,www.tamnao.com/web/sp/detailPrdt.do?prdtNum=SP00001564&prdtDiv=COUP,서귀포시 태평로 284,세계조가비박물관,서귀포매일올레시장,
생각하는정원,www.tamnao.com/web/sp/detailPrdt.do?prdtNum=SP00001563&prdtDiv=COUP,제주시 한경면 녹차분재로 675,생각하는정원,저지오름,
선녀와나무꾼,www.tamnao.com/web/sp/detailPrdt.do?prdtNum=SP00001562&prdtDiv=COUP,제주시 조천읍 선교로 267,선녀와나무꾼테마공원,펀테마파크,
제주제트-제주제트보트,www.tamnao.com/web/sp/detailPrdt.do?prdtNum=SP00001561&prdtDiv=COUP,서귀포시 대포로 172-5,제주제트,대포주상절리,
산방산유람선,www.tamnao.com/web/sp/detailPrdt.do?prdtNum=SP00000821&prdtDiv=COUP,서귀포시 안덕면 화순해안로106번길 16,,산방산,
산방산탄산온천,www.tamnao.com/web/sp/detailPrdt.do?prdtNum=SP00000720&prdtDiv=COUP,서귀포시 안덕면 사계북로41번길 192,,산방산,
아프리카 박물관,www.tamnao.com/web/sp/detailPrdt.do?prdtNum=SP00000723&prdtDiv=COUP,서귀포시 이어도로 49,아프리카박물관,대포주상절리,
세계자동차&피아노박물관,www.tamnao.com/web/sp/detailPrdt.do?prdtNum=SP00000722&prdtDiv=COUP,서귀포시 안덕면 중산간서로 1610,세계자동차&피아노박물관,피규어뮤지엄제주,
플로라 공방 체험-마크라메,www.tamnao.com/web/sp/detailPrdt.do?prdtNum=SP00001560&prdtDiv=COUP,제주특별자치도 제주시 월랑로4길 27 B1층,,,
제주 인스킨케어 전신 A타입 (탐나오 단독 특가),www.tamnao.com/web/sp/detailPrdt.do?prdtNum=SP00000794&prdtDiv=COUP,제주시 신광로 96,,누웨마루거리,
플로라 공방 체험-LED아트,www.tamnao.com/web/sp/detailPrdt.do?prdtNum=SP00001069&prdtDiv=COUP,제주특별자치도 제주시 월랑로4길 27 B1층,,,
서귀포 자구리아로마,www.tamnao.com/web/sp/detailPrdt.do?prdtNum=SP00001553&prdtDiv=COUP,,,,
서귀포시 서귀테라피,www.tamnao.com/web/sp/detailPrdt.do?prdtNum=SP00001291&prdtDiv=COUP,,,,
제주도 돌상 스튜디오촬영권,www.tamnao.com/web/sp/detailPrdt.do?prdtNum=SP00001230&prdtDiv=COUP,,,,
제주도 리마인드 촬영,www.tamnao.com/web/sp/detailPrdt.do?prdtNum=SP00001330&prdtDiv=COUP,,,,
제주도 웨딩스냅,www.tamnao.com/web/sp/detailPrdt.do?prdtNum=SP00001331&prdtDiv=COUP,,,,
"제주도 반려동물촬영,우정촬영",www.tamnao.com/web/sp/detailPrdt.do?prdtNum=SP00001371&prdtDiv=COUP,,,,
송악산 왕발통 투어,www.tamnao.com/web/sp/detailPrdt.do?prdtNum=SP00000824&prdtDiv=COUP,서귀포시 대정읍 형제해안로 260,,송악산,
블루테라피 아로마스킨케어 이용권 [예약필수],www.tamnao.com/web/sp/detailPrdt.do?prdtNum=SP00000813&prdtDiv=COUP,,,,
힐링존아로마 전신관리 코스별 이용권,www.tamnao.com/web/sp/detailPrdt.do?prdtNum=SP00000796&prdtDiv=COUP,,,,
[배낚시] 차귀도 달래배낚시 주간/야간,www.tamnao.com/web/sp/detailPrdt.do?prdtNum=SP00000119&prdtDiv=COUP,제주시 한경면 고산리 3616-14,,,
제주바다체험장 체험권,www.tamnao.com/web/sp/detailPrdt.do?prdtNum=SP00000714&prdtDiv=COUP,,,,
서귀포 남진호 배낚시,www.tamnao.com/web/sp/detailPrdt.do?prdtNum=SP00001297&prdtDiv=COUP,,,,
고흐의 정원 - 입장권,www.tamnao.com/web/sp/detailPrdt.do?prdtNum=SP00001470&prdtDiv=COUP,서귀포시 성산읍 삼달신풍로 132,고흐의정원,,
차귀도 체험 배낚시 바이킹호,www.tamnao.com/web/sp/detailPrdt.do?prdtNum=SP00000404&prdtDiv=COUP,제주시 한경면 고산리 3616-14,,,
생각하는 정원 관람권,www.tamnao.com/web/sp/detailPrdt.do?prdtNum=SP00000623&prdtDiv=COUP,제주시 한경면 녹차분재로 675,생각하는정원,저지오름,
드론파크 이용권,www.tamnao.com/web/sp/detailPrdt.do?prdtNum=SP00001296&prdtDiv=COUP,제주시 조천읍 남조로 2109-38,드론파크,에코랜드테마파크,
신화월드 테마파크,www.tamnao.com/web/sp/detailPrdt.do?prdtNum=SP00001446&prdtDiv=COUP,서귀포시 안덕면 신화역사로304번길 38,신화테마파크,소인국테마파크,
서귀포시 연스킨케어,www.tamnao.com/web/sp/detailPrdt.do?prdtNum=SP00000445&prdtDiv=COUP,,,,
번개레이싱 카트 이용권,www.tamnao.com/web/sp/detailPrdt.do?prdtNum=SP00001048&prdtDiv=COUP,서귀포시 안덕면 녹차분재로 218 제주항공우주박물관 3층,번개레이싱,제주항공우주박물관,
김녕요트투어,www.tamnao.com/web/sp/detailPrdt.do?prdtNum=SP00000694&prdtDiv=COUP,제주시 구좌읍 구좌해안로 229-16,김녕요트투어,김녕해수욕장,
조안베어뮤지엄,www.tamnao.com/web/sp/detailPrdt.do?prdtNum=SP00000700&prdtDiv=COUP,서귀포시 대포로 113,조안베어뮤지엄,퍼시픽랜드,
(예약필수)난타공연 A석,www.tamnao.com/web/sp/detailPrdt.do?prdtNum=SP00001166&prdtDiv=COUP,,,,
(예약필수)난타공연 S석,www.tamnao.com/web/sp/detailPrdt.do?prdtNum=SP00001167&prdtDiv=COUP,,,,
(예약필수)난타공연 VIP석,www.tamnao.com/web/sp/detailPrdt.do?prdtNum=SP00001168&prdtDiv=COUP,,,,
[대정읍] 초콜릿박물관 입장권,www.tamnao.com/web/sp/detailPrdt.do?prdtNum=SP00000137&prdtDiv=COUP,서귀포시 대정읍 일주서로 3000번길144,초콜릿박물관,가시오름,
제주유리박물관 유리공예 체험패키지,www.tamnao.com/web/sp/detailPrdt.do?prdtNum=SP00000282&prdtDiv=COUP,서귀포시 중산간서로 1403,제주유리박물관,,
제주유리박물관 입장권,www.tamnao.com/web/sp/detailPrdt.do?prdtNum=SP00000283&prdtDiv=COUP,서귀포시 중산간서로 1403,제주유리박물관,,
서귀포 캡틴호(주간/야간 배낚시),www.tamnao.com/web/sp/detailPrdt.do?prdtNum=SP00000869&prdtDiv=COUP,,,,
제주 화조원 입장권,www.tamnao.com/web/sp/detailPrdt.do?prdtNum=SP00001522&prdtDiv=COUP,,,,
마술같은 미술 퍼포먼스 페인터즈 히어로,www.tamnao.com/web/sp/detailPrdt.do?prdtNum=SP00000061&prdtDiv=COUP,제주시 애월읍 평화로 2715 제주관광대학교 컨벤션홀,페인터즈 히어로 제주전용관,제주공룡랜드,
샹떼 ▶ 편안한 휴식을 선물하는 곳,www.tamnao.com/web/sp/detailPrdt.do?prdtNum=SP00000980&prdtDiv=COUP,,,,
해녀의 태왁 체험,www.tamnao.com/web/sp/detailPrdt.do?prdtNum=SP00001294&prdtDiv=COUP,,,,
행복공방 도자기 체험 카페,www.tamnao.com/web/sp/detailPrdt.do?prdtNum=SP00001055&prdtDiv=COUP,,,,
어음분교1963,www.tamnao.com/web/sp/detailPrdt.do?prdtNum=SP00001510&prdtDiv=COUP,,,,
정다운아로마,www.tamnao.com/web/sp/detailPrdt.do?prdtNum=SP00000123&prdtDiv=COUP,,,,
베이비카페어놀 어진이 입장권,www.tamnao.com/web/sp/detailPrdt.do?prdtNum=SP00000391&prdtDiv=COUP,,,,
중문미로파크,www.tamnao.com/web/sp/detailPrdt.do?prdtNum=SP00000826&prdtDiv=COUP,서귀포시 일주서로 1225-5,중문미로파크,제주유리박물관,
제주랜드 ATV 체험권,www.tamnao.com/web/sp/detailPrdt.do?prdtNum=SP00000768&prdtDiv=COUP,서귀포시 성산읍 서성일로 397,제주랜드,,
제주랜드 승마체험권,www.tamnao.com/web/sp/detailPrdt.do?prdtNum=SP00000770&prdtDiv=COUP,서귀포시 성산읍 서성일로 397,제주랜드,,
제주바당비행 패러글라이딩체험,www.tamnao.com/web/sp/detailPrdt.do?prdtNum=SP00000630&prdtDiv=COUP,,,,
소인국테마파크,www.tamnao.com/web/sp/detailPrdt.do?prdtNum=SP00000650&prdtDiv=COUP,서귀포시 안덕면 중산간서로 1878,소인국테마파크,제주신화월드,
(예약필수)스킨스쿠버 체험다이빙,www.tamnao.com/web/sp/detailPrdt.do?prdtNum=SP00000764&prdtDiv=COUP,,,,
제주공룡랜드,www.tamnao.com/web/sp/detailPrdt.do?prdtNum=SP00000499&prdtDiv=COUP,제주시 애월읍 광령평화2길 1,제주공룡랜드,,
아라동 포센트 캔들or향수만들기,www.tamnao.com/web/sp/detailPrdt.do?prdtNum=SP00000963&prdtDiv=COUP,,,,
[OK마사지]전신 안마 + 디톡스 족욕,www.tamnao.com/web/sp/detailPrdt.do?prdtNum=SP00000026&prdtDiv=COUP,,,,
석부작박물관,www.tamnao.com/web/sp/detailPrdt.do?prdtNum=SP00000479&prdtDiv=COUP,서귀포시 일주동로 8941,석부작박물관,이중섭거리,
"토이파크 토이스토리 입장,레고체험+4D",www.tamnao.com/web/sp/detailPrdt.do?prdtNum=SP00000088&prdtDiv=COUP,,,,
서귀포 체험다이빙(장비대여 샤워시설 무료이용),www.tamnao.com/web/sp/detailPrdt.do?prdtNum=SP00001461&prdtDiv=COUP,,,,
체험 스킨스쿠버다이빙 & 씨워커,www.tamnao.com/web/sp/detailPrdt.do?prdtNum=SP00000014&prdtDiv=COUP,,,,
스킨스쿠버/스쿠버다이빙/스노쿨링,www.tamnao.com/web/sp/detailPrdt.do?prdtNum=SP00001403&prdtDiv=COUP,,,,
[한복체험]한복담,www.tamnao.com/web/sp/detailPrdt.do?prdtNum=SP00001232&prdtDiv=COUP,,,,
발나라 스킨케어 마사지,www.tamnao.com/web/sp/detailPrdt.do?prdtNum=SP00000873&prdtDiv=COUP,,,,
제주시 연동 조아라뷰티센터,www.tamnao.com/web/sp/detailPrdt.do?prdtNum=SP00000960&prdtDiv=COUP,,,,
제주시 연동 조아라뷰티센터,www.tamnao.com/web/sp/detailPrdt.do?prdtNum=SP00000970&prdtDiv=COUP,,,,
제주시 연동 조아라뷰티센터,www.tamnao.com/web/sp/detailPrdt.do?prdtNum=SP00000971&prdtDiv=COUP,,,,
서귀포 중문 발편한세상,www.tamnao.com/web/sp/detailPrdt.do?prdtNum=SP00000874&prdtDiv=COUP,,,,
"차귀도 섬탐방 + 유람, 차귀도유람선",www.tamnao.com/web/sp/detailPrdt.do?prdtNum=SP00001438&prdtDiv=COUP,제주시 한경면 고산리 3616-14,,,
서귀포 천일1호(주간/야간 배낚시),www.tamnao.com/web/sp/detailPrdt.do?prdtNum=SP00000870&prdtDiv=COUP,,,,
[배낚시] 서귀포 위미항 그랑블루호,www.tamnao.com/web/sp/detailPrdt.do?prdtNum=SP00001078&prdtDiv=COUP,,,,
서핑 체험강습 ＆서핑보드 렌탈,www.tamnao.com/web/sp/detailPrdt.do?prdtNum=SP00001115&prdtDiv=COUP,,,,
최남단 감귤따기체험/ 농장속 모노레일 기차여행,www.tamnao.com/web/sp/detailPrdt.do?prdtNum=SP00001229&prdtDiv=COUP,,,,
(사전예약) 성산스쿠버 체험 다이빙/오픈워터,www.tamnao.com/web/sp/detailPrdt.do?prdtNum=SP00000837&prdtDiv=COUP,,,,
황금손아로마 황제전신/아로마 이용권,www.tamnao.com/web/sp/detailPrdt.do?prdtNum=SP00000797&prdtDiv=COUP,,,,
**예약필수 제주 요트 다이빙,www.tamnao.com/web/sp/detailPrdt.do?prdtNum=SP00000830&prdtDiv=COUP,,,,
니나수 족욕 카페,www.tamnao.com/web/sp/detailPrdt.do?prdtNum=SP00001412&prdtDiv=COUP,,,,
제주제트-파라세일링,www.tamnao.com/web/sp/detailPrdt.do?prdtNum=SP00000735&prdtDiv=COUP,서귀포시 대포로 172-5,제주제트,대포주상절리,
